Datum & Uhrzeit	Temperatur Sensor 1 [ °C]	Temperatur Sensor 2 [ °C]	Temperatur Sensor 3 [ °C]	Temperatur Sensor 4 [ °C]	Temperatur Sensor 5 [ °C]	Temperatur Sensor 6 [ °C]	Druck Sensor 7 [ Bar]	Temperatur Sensor 8 [ °C]	Durchfluss Sensor 9 [ l/h]	Durchfluss V40 [ l/h]	Einheit	PWM 1 [ %]	PWM 2 [ %]	Drehzahl Relais 1 [ %]	Drehzahl Relais 2 [ %]	Drehzahl Relais 3 [ %]	Drehzahl Relais 4 [ %]	Betriebssekunden Relais 1 [ s]	Betriebssekunden Relais 2 [ s]	Betriebssekunden Relais 3 [ s]	Betriebssekunden Relais 4 [ s]	Fehlermaske	Statusmaske	Wärme [ Wh]	Version	Systemzeit	Systemdatum
19.01.2021 19:16	3,6	41,8	66,3	38,8	888,8	-88,8	-999,9	-88,8	-9999	0	11	0	0	0	100	0	0	26813460	105381661	15006818	8	0	0	26190451	1,06	19:16	20210119	
19.01.2021 19:17	3,5	41,8	66,2	39,1	888,8	-88,8	-999,9	-88,8	-9999	0	11	0	0	0	100	0	0	26813460	105381721	15006818	8	0	0	26190451	1,06	19:17	20210119	
19.01.2021 19:18	3,5	41,7	66,2	39,2	888,8	-88,8	-999,9	-88,8	-9999	0	11	0	0	0	100	0	0	26813460	105381781	15006818	8	0	0	26190451	1,06	19:18	20210119	
19.01.2021 19:19	3,5	41,8	66,2	39,2	888,8	-88,8	-999,9	-88,8	-9999	0	11	0	0	0	100	0	0	26813460	105381841	15006818	8	0	0	26190451	1,06	19:19	20210119	
19.01.2021 19:20	3,4	41,7	66,2	39,0	888,8	-88,8	-999,9	-88,8	-9999	0	11	0	0	0	100	0	0	26813460	105381901	15006818	8	0	0	26190451	1,06	19:20	20210119	
19.01.2021 19:21	3,4	41,7	66,1	38,9	888,8	-88,8	-999,9	-88,8	-9999	0	11	0	0	0	100	0	0	26813460	105381961	15006818	8	0	0	26190451	1,06	19:21	20210119	
19.01.2021 19:22	3,3	41,7	66,2	38,9	888,8	-88,8	-999,9	-88,8	-9999	0	11	0	0	0	100	0	0	26813460	105382021	15006818	8	0	0	26190451	1,06	19:22	20210119	
19.01.2021 19:23	3,3	41,6	66,2	38,9	888,8	-88,8	-999,9	-88,8	-9999	0	11	0	0	0	100	0	0	26813460	105382081	15006818	8	0	0	26190451	1,06	19:23	20210119	
19.01.2021 19:24	3,3	41,6	66,2	37,8	888,8	-88,8	-999,9	-88,8	-9999	0	11	0	0	0	100	0	0	26813460	105382141	15006818	8	0	0	26190451	1,06	19:24	20210119	
19.01.2021 19:25	3,2	41,6	66,1	36,8	888,8	-88,8	-999,9	-88,8	-9999	0	11	0	0	0	100	0	0	26813460	105382201	15006818	8	0	0	26190451	1,06	19:25	20210119	
19.01.2021 19:26	3,2	41,6	66,2	36,6	888,8	-88,8	-999,9	-88,8	-9999	0	11	0	0	0	100	0	0	26813460	105382261	15006818	8	0	0	26190451	1,06	19:26	20210119	
19.01.2021 19:27	3,1	41,6	66,2	36,7	888,8	-88,8	-999,9	-88,8	-9999	0	11	0	0	0	100	0	0	26813460	105382321	15006818	8	0	0	26190451	1,06	19:27	20210119	
19.01.2021 19:28	3,1	41,5	66,1	36,8	888,8	-88,8	-999,9	-88,8	-9999	0	11	0	0	0	100	0	0	26813460	105382381	15006818	8	0	0	26190451	1,06	19:28	20210119	
19.01.2021 19:29	3,0	41,5	66,1	36,6	888,8	-88,8	-999,9	-88,8	-9999	0	11	0	0	0	100	0	0	26813460	105382441	15006818	8	0	0	26190451	1,06	19:29	20210119	
19.01.2021 19:30	3,0	41,5	66,1	37,0	888,8	-88,8	-999,9	-88,8	-9999	0	11	0	0	0	100	0	0	26813460	105382501	15006818	8	0	0	26190451	1,06	19:30	20210119	
19.01.2021 19:31	3,0	41,4	66,1	38,3	888,8	-88,8	-999,9	-88,8	-9999	0	11	0	0	0	100	0	0	26813460	105382561	15006818	8	0	0	26190451	1,06	19:31	20210119	
19.01.2021 19:32	3,0	41,4	66,1	40,1	888,8	-88,8	-999,9	-88,8	-9999	0	11	0	0	0	100	0	0	26813460	105382621	15006818	8	0	0	26190451	1,06	19:32	20210119	
19.01.2021 19:33	2,9	41,4	66,1	41,5	888,8	-88,8	-999,9	-88,8	-9999	0	11	0	0	0	100	0	0	26813460	105382681	15006818	8	0	0	26190451	1,06	19:33	20210119	
19.01.2021 19:34	2,9	41,3	66,1	42,7	888,8	-88,8	-999,9	-88,8	-9999	0	11	0	0	0	100	0	0	26813460	105382741	15006818	8	0	0	26190451	1,06	19:34	20210119	
19.01.2021 19:35	2,9	41,3	66,1	43,1	888,8	-88,8	-999,9	-88,8	-9999	0	11	0	0	0	100	0	0	26813460	105382801	15006818	8	0	0	26190451	1,06	19:35	20210119	
19.01.2021 19:36	2,8	41,2	66,1	43,5	888,8	-88,8	-999,9	-88,8	-9999	0	11	0	0	0	100	0	0	26813460	105382861	15006818	8	0	0	26190451	1,06	19:36	20210119	
19.01.2021 19:37	2,8	41,1	66,1	43,5	888,8	-88,8	-999,9	-88,8	-9999	0	11	0	0	0	100	0	0	26813460	105382921	15006818	8	0	0	26190451	1,06	19:37	20210119	
19.01.2021 19:38	2,8	41,0	66,1	43,5	888,8	-88,8	-999,9	-88,8	-9999	0	11	0	0	0	100	0	0	26813460	105382981	15006818	8	0	0	26190451	1,06	19:38	20210119	
19.01.2021 19:39	2,8	40,9	66,1	43,4	888,8	-88,8	-999,9	-88,8	-9999	0	11	0	0	0	100	0	0	26813460	105383041	15006818	8	0	0	26190451	1,06	19:39	20210119	
19.01.2021 19:40	2,7	40,8	66,1	43,3	888,8	-88,8	-999,9	-88,8	-9999	0	11	0	0	0	100	0	0	26813460	105383101	15006818	8	0	0	26190451	1,06	19:40	20210119	
19.01.2021 19:41	2,7	40,6	66,1	43,2	888,8	-88,8	-999,9	-88,8	-9999	0	11	0	0	0	100	0	0	26813460	105383161	15006818	8	0	0	26190451	1,06	19:41	20210119	
19.01.2021 19:42	2,7	40,6	66,1	43,3	888,8	-88,8	-999,9	-88,8	-9999	0	11	0	0	0	100	0	0	26813460	105383221	15006818	8	0	0	26190451	1,06	19:42	20210119	
19.01.2021 19:43	2,6	40,5	66,0	43,2	888,8	-88,8	-999,9	-88,8	-9999	0	11	0	0	0	100	0	0	26813460	105383281	15006818	8	0	0	26190451	1,06	19:43	20210119	
19.01.2021 19:44	2,6	40,4	66,0	42,7	888,8	-88,8	-999,9	-88,8	-9999	0	11	0	0	0	100	0	0	26813460	105383341	15006818	8	0	0	26190451	1,06	19:44	20210119	
19.01.2021 19:45	2,6	40,4	66,0	42,7	888,8	-88,8	-999,9	-88,8	-9999	0	11	0	0	0	100	0	0	26813460	105383401	15006818	8	0	0	26190451	1,06	19:45	20210119	
19.01.2021 19:46	2,5	40,3	66,0	42,7	888,8	-88,8	-999,9	-88,8	-9999	0	11	0	0	0	100	0	0	26813460	105383461	15006818	8	0	0	26190451	1,06	19:46	20210119	
19.01.2021 19:47	2,5	40,3	66,0	42,1	888,8	-88,8	-999,9	-88,8	-9999	0	11	0	0	0	100	0	0	26813460	105383521	15006818	8	0	0	26190451	1,06	19:47	20210119	
19.01.2021 19:48	2,5	40,3	66,0	41,6	888,8	-88,8	-999,9	-88,8	-9999	0	11	0	0	0	100	0	0	26813460	105383581	15006818	8	0	0	26190451	1,06	19:48	20210119	
19.01.2021 19:49	2,4	40,2	66,0	41,2	888,8	-88,8	-999,9	-88,8	-9999	0	11	0	0	0	100	0	0	26813460	105383641	15006818	8	0	0	26190451	1,06	19:49	20210119	
19.01.2021 19:50	2,4	40,1	66,0	40,8	888,8	-88,8	-999,9	-88,8	-9999	0	11	0	0	0	100	0	0	26813460	105383701	15006818	8	0	0	26190451	1,06	19:50	20210119	
19.01.2021 19:51	2,4	40,1	66,0	40,3	888,8	-88,8	-999,9	-88,8	-9999	0	11	0	0	0	100	0	0	26813460	105383761	15006818	8	0	0	26190451	1,06	19:51	20210119	
19.01.2021 19:52	2,4	40,0	66,0	39,8	888,8	-88,8	-999,9	-88,8	-9999	0	11	0	0	0	100	0	0	26813460	105383821	15006818	8	0	0	26190451	1,06	19:52	20210119	
19.01.2021 19:53	2,4	40,0	66,0	39,1	888,8	-88,8	-999,9	-88,8	-9999	0	11	0	0	0	100	0	0	26813460	105383881	15006818	8	0	0	26190451	1,06	19:53	20210119	
19.01.2021 19:54	2,3	39,9	66,0	38,8	888,8	-88,8	-999,9	-88,8	-9999	0	11	0	0	0	100	0	0	26813460	105383941	15006818	8	0	0	26190451	1,06	19:54	20210119	
19.01.2021 19:55	2,3	39,9	66,0	38,8	888,8	-88,8	-999,9	-88,8	-9999	0	11	0	0	0	100	0	0	26813460	105384001	15006818	8	0	0	26190451	1,06	19:55	20210119	
19.01.2021 19:56	2,3	39,9	65,9	38,6	888,8	-88,8	-999,9	-88,8	-9999	0	11	0	0	0	100	0	0	26813460	105384061	15006818	8	0	0	26190451	1,06	19:56	20210119	
19.01.2021 19:57	2,3	39,8	65,9	38,4	888,8	-88,8	-999,9	-88,8	-9999	0	11	0	0	0	100	0	0	26813460	105384121	15006818	8	0	0	26190451	1,06	19:57	20210119	
19.01.2021 19:58	2,3	39,8	65,9	38,0	888,8	-88,8	-999,9	-88,8	-9999	0	11	0	0	0	100	0	0	26813460	105384181	15006818	8	0	0	26190451	1,06	19:58	20210119	
19.01.2021 19:59	2,2	39,7	65,9	38,0	888,8	-88,8	-999,9	-88,8	-9999	0	11	0	0	0	100	0	0	26813460	105384241	15006818	8	0	0	26190451	1,06	19:59	20210119	
19.01.2021 20:00	2,2	39,7	65,9	38,0	888,8	-88,8	-999,9	-88,8	-9999	0	11	0	0	0	100	0	0	26813460	105384301	15006818	8	0	0	26190451	1,06	20:0	20210119	
19.01.2021 20:01	2,2	39,7	65,9	38,1	888,8	-88,8	-999,9	-88,8	-9999	0	11	0	0	0	100	0	0	26813460	105384361	15006818	8	0	0	26190451	1,06	20:1	20210119	
19.01.2021 20:02	2,2	39,6	65,9	38,2	888,8	-88,8	-999,9	-88,8	-9999	0	11	0	0	0	100	0	0	26813460	105384421	15006818	8	0	0	26190451	1,06	20:2	20210119	
19.01.2021 20:03	2,1	39,6	65,9	38,1	888,8	-88,8	-999,9	-88,8	-9999	0	11	0	0	0	100	0	0	26813460	105384481	15006818	8	0	0	26190451	1,06	20:3	20210119	
19.01.2021 20:04	2,1	39,6	65,9	38,1	888,8	-88,8	-999,9	-88,8	-9999	0	11	0	0	0	100	0	0	26813460	105384541	15006818	8	0	0	26190451	1,06	20:4	20210119	
19.01.2021 20:05	2,1	39,5	65,9	38,2	888,8	-88,8	-999,9	-88,8	-9999	0	11	0	0	0	100	0	0	26813460	105384601	15006818	8	0	0	26190451	1,06	20:5	20210119	
19.01.2021 20:06	2,1	39,5	65,9	38,4	888,8	-88,8	-999,9	-88,8	-9999	0	11	0	0	0	100	0	0	26813460	105384661	15006818	8	0	0	26190451	1,06	20:6	20210119	
19.01.2021 20:07	2,0	39,4	65,9	38,3	888,8	-88,8	-999,9	-88,8	-9999	0	11	0	0	0	100	0	0	26813460	105384721	15006818	8	0	0	26190451	1,06	20:7	20210119	
19.01.2021 20:08	2,0	39,4	65,8	38,2	888,8	-88,8	-999,9	-88,8	-9999	0	11	0	0	0	100	0	0	26813460	105384781	15006818	8	0	0	26190451	1,06	20:8	20210119	
19.01.2021 20:09	2,0	39,3	65,8	38,3	888,8	-88,8	-999,9	-88,8	-9999	0	11	0	0	0	100	0	0	26813460	105384841	15006818	8	0	0	26190451	1,06	20:9	20210119	
19.01.2021 20:10	2,0	39,3	65,8	38,2	888,8	-88,8	-999,9	-88,8	-9999	0	11	0	0	0	100	0	0	26813460	105384901	15006818	8	0	0	26190451	1,06	20:10	20210119	
19.01.2021 20:11	2,0	39,3	65,8	38,1	888,8	-88,8	-999,9	-88,8	-9999	0	11	0	0	0	100	0	0	26813460	105384961	15006818	8	0	0	26190451	1,06	20:11	20210119	
19.01.2021 20:12	2,0	39,2	65,8	38,0	888,8	-88,8	-999,9	-88,8	-9999	0	11	0	0	0	100	0	0	26813460	105385021	15006818	8	0	0	26190451	1,06	20:12	20210119	
19.01.2021 20:13	1,9	39,2	65,8	38,0	888,8	-88,8	-999,9	-88,8	-9999	0	11	0	0	0	100	0	0	26813460	105385081	15006818	8	0	0	26190451	1,06	20:13	20210119	
19.01.2021 20:14	1,9	39,1	65,8	37,9	888,8	-88,8	-999,9	-88,8	-9999	0	11	0	0	0	100	0	0	26813460	105385141	15006818	8	0	0	26190451	1,06	20:14	20210119	
19.01.2021 20:15	1,9	39,1	65,8	37,7	888,8	-88,8	-999,9	-88,8	-9999	0	11	0	0	0	100	0	0	26813460	105385201	15006818	8	0	0	26190451	1,06	20:15	20210119	
19.01.2021 20:16	1,9	39,0	65,8	37,7	888,8	-88,8	-999,9	-88,8	-9999	0	11	0	0	0	100	0	0	26813460	105385261	15006818	8	0	0	26190451	1,06	20:16	20210119	
19.01.2021 20:17	1,9	39,0	65,8	37,7	888,8	-88,8	-999,9	-88,8	-9999	0	11	0	0	0	100	0	0	26813460	105385321	15006818	8	0	0	26190451	1,06	20:17	20210119	
19.01.2021 20:18	1,9	39,0	65,8	37,6	888,8	-88,8	-999,9	-88,8	-9999	0	11	0	0	0	100	0	0	26813460	105385381	15006818	8	0	0	26190451	1,06	20:18	20210119	
19.01.2021 20:19	1,9	38,9	65,8	37,6	888,8	-88,8	-999,9	-88,8	-9999	0	11	0	0	0	100	0	0	26813460	105385441	15006818	8	0	0	26190451	1,06	20:19	20210119	
19.01.2021 20:20	1,8	38,8	65,8	37,6	888,8	-88,8	-999,9	-88,8	-9999	0	11	0	0	0	100	0	0	26813460	105385501	15006818	8	0	0	26190451	1,06	20:20	20210119	
19.01.2021 20:21	1,8	38,8	65,8	37,5	888,8	-88,8	-999,9	-88,8	-9999	0	11	0	0	0	100	0	0	26813460	105385561	15006818	8	0	0	26190451	1,06	20:21	20210119	
19.01.2021 20:22	1,8	38,7	65,8	37,5	888,8	-88,8	-999,9	-88,8	-9999	0	11	0	0	0	100	0	0	26813460	105385621	15006818	8	0	0	26190451	1,06	20:22	20210119	
19.01.2021 20:23	1,8	38,6	65,8	37,5	888,8	-88,8	-999,9	-88,8	-9999	0	11	0	0	0	100	0	0	26813460	105385681	15006818	8	0	0	26190451	1,06	20:23	20210119	
19.01.2021 20:24	1,8	38,6	65,7	37,5	888,8	-88,8	-999,9	-88,8	-9999	0	11	0	0	0	100	0	0	26813460	105385741	15006818	8	0	0	26190451	1,06	20:24	20210119	
19.01.2021 20:25	1,7	38,5	65,7	37,7	888,8	-88,8	-999,9	-88,8	-9999	0	11	0	0	0	100	0	0	26813460	105385801	15006818	8	0	0	26190451	1,06	20:25	20210119	
19.01.2021 20:26	1,7	38,5	65,8	37,9	888,8	-88,8	-999,9	-88,8	-9999	0	11	0	0	0	100	0	0	26813460	105385861	15006818	8	0	0	26190451	1,06	20:26	20210119	
19.01.2021 20:27	1,7	38,4	65,7	36,5	888,8	-88,8	-999,9	-88,8	-9999	0	11	0	0	0	100	0	0	26813460	105385921	15006818	8	0	0	26190451	1,06	20:27	20210119	
19.01.2021 20:28	1,7	38,3	65,7	35,4	888,8	-88,8	-999,9	-88,8	-9999	0	11	0	0	0	100	0	0	26813460	105385981	15006818	8	0	0	26190451	1,06	20:28	20210119	
19.01.2021 20:29	1,7	38,2	65,7	35,1	888,8	-88,8	-999,9	-88,8	-9999	0	11	0	0	0	100	0	0	26813460	105386041	15006818	8	0	0	26190451	1,06	20:29	20210119	
19.01.2021 20:30	1,6	38,2	65,7	35,1	888,8	-88,8	-999,9	-88,8	-9999	0	11	0	0	0	100	0	0	26813460	105386101	15006818	8	0	0	26190451	1,06	20:30	20210119	
19.01.2021 20:31	1,6	38,1	65,7	35,1	888,8	-88,8	-999,9	-88,8	-9999	0	11	0	0	0	100	0	0	26813460	105386161	15006818	8	0	0	26190451	1,06	20:31	20210119	
19.01.2021 20:32	1,6	38,0	65,7	35,2	888,8	-88,8	-999,9	-88,8	-9999	0	11	0	0	0	100	0	0	26813460	105386221	15006818	8	0	0	26190451	1,06	20:32	20210119	
19.01.2021 20:33	1,6	38,0	65,7	35,3	888,8	-88,8	-999,9	-88,8	-9999	0	11	0	0	0	100	0	0	26813460	105386281	15006818	8	0	0	26190451	1,06	20:33	20210119	
19.01.2021 20:34	1,5	37,9	65,7	35,4	888,8	-88,8	-999,9	-88,8	-9999	0	11	0	0	0	100	0	0	26813460	105386341	15006818	8	0	0	26190451	1,06	20:34	20210119	
19.01.2021 20:35	1,5	37,8	65,7	35,8	888,8	-88,8	-999,9	-88,8	-9999	0	11	0	0	0	100	0	0	26813460	105386401	15006818	8	0	0	26190451	1,06	20:35	20210119	
19.01.2021 20:36	1,5	37,7	65,7	36,1	888,8	-88,8	-999,9	-88,8	-9999	0	11	0	0	0	100	0	0	26813460	105386461	15006818	8	0	0	26190451	1,06	20:36	20210119	
19.01.2021 20:37	1,4	37,7	65,7	36,2	888,8	-88,8	-999,9	-88,8	-9999	0	11	0	0	0	100	0	0	26813460	105386521	15006818	8	0	0	26190451	1,06	20:37	20210119	
19.01.2021 20:38	1,4	37,6	65,7	36,3	888,8	-88,8	-999,9	-88,8	-9999	0	11	0	0	0	100	0	0	26813460	105386581	15006818	8	0	0	26190451	1,06	20:38	20210119	
19.01.2021 20:39	1,3	37,5	65,6	36,3	888,8	-88,8	-999,9	-88,8	-9999	0	11	0	0	0	100	0	0	26813460	105386641	15006818	8	0	0	26190451	1,06	20:39	20210119	
19.01.2021 20:40	1,3	37,5	65,6	36,2	888,8	-88,8	-999,9	-88,8	-9999	0	11	0	0	0	100	0	0	26813460	105386701	15006818	8	0	0	26190451	1,06	20:40	20210119	
19.01.2021 20:41	1,3	37,4	65,6	36,0	888,8	-88,8	-999,9	-88,8	-9999	0	11	0	0	0	100	0	0	26813460	105386761	15006818	8	0	0	26190451	1,06	20:41	20210119	
19.01.2021 20:42	1,2	37,3	65,7	35,8	888,8	-88,8	-999,9	-88,8	-9999	0	11	0	0	0	100	0	0	26813460	105386821	15006818	8	0	0	26190451	1,06	20:42	20210119	
19.01.2021 20:43	1,2	37,3	65,6	35,5	888,8	-88,8	-999,9	-88,8	-9999	0	11	0	0	0	100	0	0	26813460	105386881	15006818	8	0	0	26190451	1,06	20:43	20210119	
19.01.2021 20:44	1,1	37,3	65,6	35,1	888,8	-88,8	-999,9	-88,8	-9999	0	11	0	0	0	100	0	0	26813460	105386941	15006818	8	0	0	26190451	1,06	20:44	20210119	
19.01.2021 20:45	1,1	37,2	65,6	35,2	888,8	-88,8	-999,9	-88,8	-9999	0	11	0	0	0	100	0	0	26813460	105387001	15006818	8	0	0	26190451	1,06	20:45	20210119	
19.01.2021 20:46	1,1	37,1	65,6	35,2	888,8	-88,8	-999,9	-88,8	-9999	0	11	0	0	0	100	0	0	26813460	105387061	15006818	8	0	0	26190451	1,06	20:46	20210119	
19.01.2021 20:47	1,0	37,1	65,6	35,0	888,8	-88,8	-999,9	-88,8	-9999	0	11	0	0	0	100	0	0	26813460	105387121	15006818	8	0	0	26190451	1,06	20:47	20210119	
19.01.2021 20:48	1,0	37,0	65,6	34,8	888,8	-88,8	-999,9	-88,8	-9999	0	11	0	0	0	100	0	0	26813460	105387181	15006818	8	0	0	26190451	1,06	20:48	20210119	
19.01.2021 20:49	0,9	37,0	65,5	34,7	888,8	-88,8	-999,9	-88,8	-9999	0	11	0	0	0	100	0	0	26813460	105387241	15006818	8	0	0	26190451	1,06	20:49	20210119	
19.01.2021 20:50	0,9	37,0	65,6	34,7	888,8	-88,8	-999,9	-88,8	-9999	0	11	0	0	0	100	0	0	26813460	105387301	15006818	8	0	0	26190451	1,06	20:50	20210119	
19.01.2021 20:51	0,9	36,9	65,6	34,7	888,8	-88,8	-999,9	-88,8	-9999	0	11	0	0	0	100	0	0	26813460	105387361	15006818	8	0	0	26190451	1,06	20:51	20210119	
19.01.2021 20:52	0,8	36,9	65,5	34,7	888,8	-88,8	-999,9	-88,8	-9999	0	11	0	0	0	100	0	0	26813460	105387421	15006818	8	0	0	26190451	1,06	20:52	20210119	
19.01.2021 20:53	0,7	36,8	65,5	34,6	888,8	-88,8	-999,9	-88,8	-9999	0	11	0	0	0	100	0	0	26813460	105387481	15006818	8	0	0	26190451	1,06	20:53	20210119	
19.01.2021 20:54	0,7	36,8	65,5	34,5	888,8	-88,8	-999,9	-88,8	-9999	0	11	0	0	0	100	0	0	26813460	105387541	15006818	8	0	0	26190451	1,06	20:54	20210119	
19.01.2021 20:55	0,7	36,7	65,5	34,6	888,8	-88,8	-999,9	-88,8	-9999	0	11	0	0	0	100	0	0	26813460	105387601	15006818	8	0	0	26190451	1,06	20:55	20210119	
19.01.2021 20:56	0,6	36,7	65,5	34,7	888,8	-88,8	-999,9	-88,8	-9999	0	11	0	0	0	100	0	0	26813460	105387661	15006818	8	0	0	26190451	1,06	20:56	20210119	
19.01.2021 20:57	0,6	36,6	65,5	35,0	888,8	-88,8	-999,9	-88,8	-9999	0	11	0	0	0	100	0	0	26813460	105387721	15006818	8	0	0	26190451	1,06	20:57	20210119	
19.01.2021 20:58	0,5	36,6	65,5	35,4	888,8	-88,8	-999,9	-88,8	-9999	0	11	0	0	0	100	0	0	26813460	105387781	15006818	8	0	0	26190451	1,06	20:58	20210119	
19.01.2021 20:59	0,5	36,6	65,5	36,0	888,8	-88,8	-999,9	-88,8	-9999	0	11	0	0	0	100	0	0	26813460	105387841	15006818	8	0	0	26190451	1,06	20:59	20210119	
19.01.2021 21:00	0,5	36,5	65,5	36,9	888,8	-88,8	-999,9	-88,8	-9999	0	11	0	0	0	100	0	0	26813460	105387901	15006818	8	0	0	26190451	1,06	21:0	20210119	
19.01.2021 21:01	0,4	36,5	65,5	37,7	888,8	-88,8	-999,9	-88,8	-9999	0	11	0	0	0	100	0	0	26813460	105387961	15006818	8	0	0	26190451	1,06	21:1	20210119	
19.01.2021 21:02	0,4	36,5	65,5	38,6	888,8	-88,8	-999,9	-88,8	-9999	0	11	0	0	0	100	0	0	26813460	105388021	15006818	8	0	0	26190451	1,06	21:2	20210119	
19.01.2021 21:03	0,3	36,4	65,5	39,4	888,8	-88,8	-999,9	-88,8	-9999	0	11	0	0	0	100	0	0	26813460	105388081	15006818	8	0	0	26190451	1,06	21:3	20210119	
19.01.2021 21:04	0,3	36,4	65,5	40,2	888,8	-88,8	-999,9	-88,8	-9999	0	11	0	0	0	100	0	0	26813460	105388141	15006818	8	0	0	26190451	1,06	21:4	20210119	
19.01.2021 21:05	0,2	36,4	65,5	40,9	888,8	-88,8	-999,9	-88,8	-9999	0	11	0	0	0	100	0	0	26813460	105388201	15006818	8	0	0	26190451	1,06	21:5	20210119	
19.01.2021 21:06	0,2	36,4	65,5	41,5	888,8	-88,8	-999,9	-88,8	-9999	0	11	0	0	0	100	0	0	26813460	105388261	15006818	8	0	0	26190451	1,06	21:6	20210119	
19.01.2021 21:07	0,1	36,4	65,5	41,9	888,8	-88,8	-999,9	-88,8	-9999	0	11	0	0	0	100	0	0	26813460	105388321	15006818	8	0	0	26190451	1,06	21:7	20210119	
19.01.2021 21:08	0,1	36,5	65,5	42,3	888,8	-88,8	-999,9	-88,8	-9999	0	11	0	0	0	100	0	0	26813460	105388381	15006818	8	0	0	26190451	1,06	21:8	20210119	
19.01.2021 21:09	0,1	36,5	65,4	42,5	888,8	-88,8	-999,9	-88,8	-9999	0	11	0	0	0	100	0	0	26813460	105388441	15006818	8	0	0	26190451	1,06	21:9	20210119	
19.01.2021 21:10	0,0	36,5	65,5	42,8	888,8	-88,8	-999,9	-88,8	-9999	0	11	0	0	0	100	0	0	26813460	105388501	15006818	8	0	0	26190451	1,06	21:10	20210119	
19.01.2021 21:11	0,0	36,6	65,4	42,8	888,8	-88,8	-999,9	-88,8	-9999	0	11	0	0	0	100	0	0	26813460	105388561	15006818	8	0	0	26190451	1,06	21:11	20210119	
19.01.2021 21:12	0,0	36,6	65,4	43,0	888,8	-88,8	-999,9	-88,8	-9999	0	11	0	0	0	100	0	0	26813460	105388621	15006818	8	0	0	26190451	1,06	21:12	20210119	
19.01.2021 21:13	0,0	36,7	65,4	43,1	888,8	-88,8	-999,9	-88,8	-9999	0	11	0	0	0	100	0	0	26813460	105388681	15006818	8	0	0	26190451	1,06	21:13	20210119	
19.01.2021 21:14	-0,1	36,8	65,4	43,3	888,8	-88,8	-999,9	-88,8	-9999	0	11	0	0	0	100	0	0	26813460	105388741	15006818	8	0	0	26190451	1,06	21:14	20210119	
19.01.2021 21:15	-0,1	36,8	65,4	43,5	888,8	-88,8	-999,9	-88,8	-9999	0	11	0	0	0	100	0	0	26813460	105388801	15006818	8	0	0	26190451	1,06	21:15	20210119	
19.01.2021 21:16	-0,1	36,9	65,4	43,6	888,8	-88,8	-999,9	-88,8	-9999	0	11	0	0	0	100	0	0	26813460	105388861	15006818	8	0	0	26190451	1,06	21:16	20210119	
19.01.2021 21:17	-0,2	37,0	65,4	43,5	888,8	-88,8	-999,9	-88,8	-9999	0	11	0	0	0	100	0	0	26813460	105388921	15006818	8	0	0	26190451	1,06	21:17	20210119	
19.01.2021 21:18	-0,2	37,0	65,4	43,5	888,8	-88,8	-999,9	-88,8	-9999	0	11	0	0	0	100	0	0	26813460	105388981	15006818	8	0	0	26190451	1,06	21:18	20210119	
19.01.2021 21:19	-0,2	37,1	65,4	43,4	888,8	-88,8	-999,9	-88,8	-9999	0	11	0	0	0	100	0	0	26813460	105389041	15006818	8	0	0	26190451	1,06	21:19	20210119	
19.01.2021 21:20	-0,3	37,2	65,3	43,3	888,8	-88,8	-999,9	-88,8	-9999	0	11	0	0	0	100	0	0	26813460	105389101	15006818	8	0	0	26190451	1,06	21:20	20210119	
19.01.2021 21:21	-0,3	37,2	65,4	43,2	888,8	-88,8	-999,9	-88,8	-9999	0	11	0	0	0	100	0	0	26813460	105389161	15006818	8	0	0	26190451	1,06	21:21	20210119	
19.01.2021 21:22	-0,4	37,3	65,3	42,6	888,8	-88,8	-999,9	-88,8	-9999	0	11	0	0	0	100	0	0	26813460	105389221	15006818	8	0	0	26190451	1,06	21:22	20210119	
19.01.2021 21:23	-0,4	37,3	65,3	42,5	888,8	-88,8	-999,9	-88,8	-9999	0	11	0	0	0	100	0	0	26813460	105389281	15006818	8	0	0	26190451	1,06	21:23	20210119	
19.01.2021 21:24	-0,4	37,4	65,3	42,7	888,8	-88,8	-999,9	-88,8	-9999	0	11	0	0	0	100	0	0	26813460	105389341	15006818	8	0	0	26190451	1,06	21:24	20210119	
19.01.2021 21:25	-0,5	37,4	65,3	42,9	888,8	-88,8	-999,9	-88,8	-9999	0	11	0	0	0	100	0	0	26813460	105389401	15006818	8	0	0	26190451	1,06	21:25	20210119	
19.01.2021 21:26	-0,5	37,5	65,3	43,0	888,8	-88,8	-999,9	-88,8	-9999	0	11	0	0	0	100	0	0	26813460	105389461	15006818	8	0	0	26190451	1,06	21:26	20210119	
19.01.2021 21:27	-0,5	37,5	65,3	42,8	888,8	-88,8	-999,9	-88,8	-9999	0	11	0	0	0	100	0	0	26813460	105389521	15006818	8	0	0	26190451	1,06	21:27	20210119	
19.01.2021 21:28	-0,6	37,5	65,3	42,5	888,8	-88,8	-999,9	-88,8	-9999	0	11	0	0	0	100	0	0	26813460	105389581	15006818	8	0	0	26190451	1,06	21:28	20210119	
19.01.2021 21:29	-0,6	37,7	65,3	42,0	888,8	-88,8	-999,9	-88,8	-9999	0	11	0	0	0	100	0	0	26813460	105389641	15006818	8	0	0	26190451	1,06	21:29	20210119	
19.01.2021 21:30	-0,6	37,7	65,3	41,3	888,8	-88,8	-999,9	-88,8	-9999	0	11	0	0	0	100	0	0	26813460	105389701	15006818	8	0	0	26190451	1,06	21:30	20210119	
19.01.2021 21:31	-0,7	37,7	65,3	40,5	888,8	-88,8	-999,9	-88,8	-9999	0	11	0	0	0	100	0	0	26813460	105389761	15006818	8	0	0	26190451	1,06	21:31	20210119	
19.01.2021 21:32	-0,7	37,8	65,3	39,4	888,8	-88,8	-999,9	-88,8	-9999	0	11	0	0	0	100	0	0	26813460	105389821	15006818	8	0	0	26190451	1,06	21:32	20210119	
19.01.2021 21:33	-0,7	37,8	65,3	39,0	888,8	-88,8	-999,9	-88,8	-9999	0	11	0	0	0	100	0	0	26813460	105389881	15006818	8	0	0	26190451	1,06	21:33	20210119	
19.01.2021 21:34	-0,8	37,8	65,3	38,6	888,8	-88,8	-999,9	-88,8	-9999	0	11	0	0	0	100	0	0	26813460	105389941	15006818	8	0	0	26190451	1,06	21:34	20210119	
19.01.2021 21:35	-0,8	37,9	65,3	38,2	888,8	-88,8	-999,9	-88,8	-9999	0	11	0	0	0	100	0	0	26813460	105390001	15006818	8	0	0	26190451	1,06	21:35	20210119	
19.01.2021 21:36	-0,8	37,9	65,2	37,8	888,8	-88,8	-999,9	-88,8	-9999	0	11	0	0	0	100	0	0	26813460	105390061	15006818	8	0	0	26190451	1,06	21:36	20210119	
19.01.2021 21:37	-0,9	37,9	65,2	37,4	888,8	-88,8	-999,9	-88,8	-9999	0	11	0	0	0	100	0	0	26813460	105390121	15006818	8	0	0	26190451	1,06	21:37	20210119	
19.01.2021 21:38	-0,9	37,8	65,2	37,0	888,8	-88,8	-999,9	-88,8	-9999	0	11	0	0	0	100	0	0	26813460	105390181	15006818	8	0	0	26190451	1,06	21:38	20210119	
19.01.2021 21:39	-1,0	37,8	65,2	36,6	888,8	-88,8	-999,9	-88,8	-9999	0	11	0	0	0	100	0	0	26813460	105390241	15006818	8	0	0	26190451	1,06	21:39	20210119	
19.01.2021 21:40	-1,0	37,8	65,2	36,5	888,8	-88,8	-999,9	-88,8	-9999	0	11	0	0	0	100	0	0	26813460	105390301	15006818	8	0	0	26190451	1,06	21:40	20210119	
19.01.2021 21:41	-1,0	37,8	65,2	36,4	888,8	-88,8	-999,9	-88,8	-9999	0	11	0	0	0	100	0	0	26813460	105390361	15006818	8	0	0	26190451	1,06	21:41	20210119	
19.01.2021 21:42	-1,1	37,8	65,1	36,3	888,8	-88,8	-999,9	-88,8	-9999	0	11	0	0	0	100	0	0	26813460	105390421	15006818	8	0	0	26190451	1,06	21:42	20210119	
19.01.2021 21:43	-1,1	37,7	65,2	36,3	888,8	-88,8	-999,9	-88,8	-9999	0	11	0	0	0	100	0	0	26813460	105390481	15006818	8	0	0	26190451	1,06	21:43	20210119	
19.01.2021 21:44	-1,1	37,7	65,2	36,1	888,8	-88,8	-999,9	-88,8	-9999	0	11	0	0	0	100	0	0	26813460	105390541	15006818	8	0	0	26190451	1,06	21:44	20210119	
19.01.2021 21:45	-1,2	37,7	65,2	36,0	888,8	-88,8	-999,9	-88,8	-9999	0	11	0	0	0	100	0	0	26813460	105390601	15006818	8	0	0	26190451	1,06	21:45	20210119	
19.01.2021 21:46	-1,2	37,7	65,2	35,9	888,8	-88,8	-999,9	-88,8	-9999	0	11	0	0	0	100	0	0	26813460	105390661	15006818	8	0	0	26190451	1,06	21:46	20210119	
19.01.2021 21:47	-1,2	37,7	65,1	35,8	888,8	-88,8	-999,9	-88,8	-9999	0	11	0	0	0	100	0	0	26813460	105390721	15006818	8	0	0	26190451	1,06	21:47	20210119	
19.01.2021 21:48	-1,3	37,7	65,1	35,6	888,8	-88,8	-999,9	-88,8	-9999	0	11	0	0	0	100	0	0	26813460	105390781	15006818	8	0	0	26190451	1,06	21:48	20210119	
19.01.2021 21:49	-1,3	37,7	65,1	35,4	888,8	-88,8	-999,9	-88,8	-9999	0	11	0	0	0	100	0	0	26813460	105390841	15006818	8	0	0	26190451	1,06	21:49	20210119	
19.01.2021 21:50	-1,3	37,6	65,1	35,2	888,8	-88,8	-999,9	-88,8	-9999	0	11	0	0	0	100	0	0	26813460	105390901	15006818	8	0	0	26190451	1,06	21:50	20210119	
19.01.2021 21:51	-1,3	37,7	65,1	35,1	888,8	-88,8	-999,9	-88,8	-9999	0	11	0	0	0	100	0	0	26813460	105390961	15006818	8	0	0	26190451	1,06	21:51	20210119	
19.01.2021 21:52	-1,4	37,6	65,1	35,1	888,8	-88,8	-999,9	-88,8	-9999	0	11	0	0	0	100	0	0	26813460	105391021	15006818	8	0	0	26190451	1,06	21:52	20210119	
19.01.2021 21:53	-1,4	37,6	65,1	35,0	888,8	-88,8	-999,9	-88,8	-9999	0	11	0	0	0	100	0	0	26813460	105391081	15006818	8	0	0	26190451	1,06	21:53	20210119	
19.01.2021 21:54	-1,4	37,6	65,0	34,9	888,8	-88,8	-999,9	-88,8	-9999	0	11	0	0	0	100	0	0	26813460	105391141	15006818	8	0	0	26190451	1,06	21:54	20210119	
19.01.2021 21:55	-1,4	37,6	65,0	34,8	888,8	-88,8	-999,9	-88,8	-9999	0	11	0	0	0	100	0	0	26813460	105391201	15006818	8	0	0	26190451	1,06	21:55	20210119	
19.01.2021 21:56	-1,5	37,5	65,0	34,7	888,8	-88,8	-999,9	-88,8	-9999	0	11	0	0	0	100	0	0	26813460	105391261	15006818	8	0	0	26190451	1,06	21:56	20210119	
19.01.2021 21:57	-1,5	37,5	65,0	34,4	888,8	-88,8	-999,9	-88,8	-9999	0	11	0	0	0	100	0	0	26813460	105391321	15006818	8	0	0	26190451	1,06	21:57	20210119	
19.01.2021 21:58	-1,6	37,5	65,0	34,1	888,8	-88,8	-999,9	-88,8	-9999	0	11	0	0	0	100	0	0	26813460	105391381	15006818	8	0	0	26190451	1,06	21:58	20210119	
19.01.2021 21:59	-1,6	37,5	65,0	33,9	888,8	-88,8	-999,9	-88,8	-9999	0	11	0	0	0	100	0	0	26813460	105391441	15006818	8	0	0	26190451	1,06	21:59	20210119	
19.01.2021 22:00	-1,6	37,5	65,0	33,6	888,8	-88,8	-999,9	-88,8	-9999	0	11	0	0	0	100	0	0	26813460	105391501	15006818	8	0	0	26190451	1,06	22:0	20210119	
19.01.2021 22:01	-1,6	37,5	65,0	33,6	888,8	-88,8	-999,9	-88,8	-9999	0	11	0	0	0	100	0	0	26813460	105391561	15006818	8	0	0	26190451	1,06	22:1	20210119	
19.01.2021 22:02	-1,7	37,5	65,0	33,3	888,8	-88,8	-999,9	-88,8	-9999	0	11	0	0	0	100	0	0	26813460	105391621	15006818	8	0	0	26190451	1,06	22:2	20210119	
19.01.2021 22:03	-1,7	37,5	65,0	33,2	888,8	-88,8	-999,9	-88,8	-9999	0	11	0	0	0	100	0	0	26813460	105391681	15006818	8	0	0	26190451	1,06	22:3	20210119	
19.01.2021 22:04	-1,8	37,4	65,0	33,1	888,8	-88,8	-999,9	-88,8	-9999	0	11	0	0	0	100	0	0	26813460	105391741	15006818	8	0	0	26190451	1,06	22:4	20210119	
19.01.2021 22:05	-1,8	37,4	64,9	32,9	888,8	-88,8	-999,9	-88,8	-9999	0	11	0	0	0	100	0	0	26813460	105391801	15006818	8	0	0	26190451	1,06	22:5	20210119	
19.01.2021 22:06	-1,8	37,4	65,0	32,7	888,8	-88,8	-999,9	-88,8	-9999	0	11	0	0	0	100	0	0	26813460	105391861	15006818	8	0	0	26190451	1,06	22:6	20210119	
19.01.2021 22:07	-1,9	37,4	65,0	32,8	888,8	-88,8	-999,9	-88,8	-9999	0	11	0	0	0	100	0	0	26813460	105391921	15006818	8	0	0	26190451	1,06	22:7	20210119	
19.01.2021 22:08	-1,9	37,3	64,9	32,8	888,8	-88,8	-999,9	-88,8	-9999	0	11	0	0	0	100	0	0	26813460	105391981	15006818	8	0	0	26190451	1,06	22:8	20210119	
19.01.2021 22:09	-1,9	37,3	64,9	32,8	888,8	-88,8	-999,9	-88,8	-9999	0	11	0	0	0	100	0	0	26813460	105392041	15006818	8	0	0	26190451	1,06	22:9	20210119	
19.01.2021 22:10	-1,9	37,3	64,9	32,7	888,8	-88,8	-999,9	-88,8	-9999	0	11	0	0	0	100	0	0	26813460	105392101	15006818	8	0	0	26190451	1,06	22:10	20210119	
19.01.2021 22:11	-1,9	37,3	64,9	32,8	888,8	-88,8	-999,9	-88,8	-9999	0	11	0	0	0	100	0	0	26813460	105392161	15006818	8	0	0	26190451	1,06	22:11	20210119	
19.01.2021 22:12	-1,9	37,3	64,9	33,2	888,8	-88,8	-999,9	-88,8	-9999	0	11	0	0	0	100	0	0	26813460	105392221	15006818	8	0	0	26190451	1,06	22:12	20210119	
19.01.2021 22:13	-1,9	37,3	64,8	33,6	888,8	-88,8	-999,9	-88,8	-9999	0	11	0	0	0	100	0	0	26813460	105392281	15006818	8	0	0	26190451	1,06	22:13	20210119	
19.01.2021 22:14	-2,0	37,3	64,8	32,7	888,8	-88,8	-999,9	-88,8	-9999	0	11	0	0	0	100	0	0	26813460	105392341	15006818	8	0	0	26190451	1,06	22:14	20210119	
19.01.2021 22:15	-2,0	37,3	64,8	31,2	888,8	-88,8	-999,9	-88,8	-9999	0	11	0	0	0	100	0	0	26813460	105392401	15006818	8	0	0	26190451	1,06	22:15	20210119	
19.01.2021 22:16	-2,0	37,2	64,8	30,8	888,8	-88,8	-999,9	-88,8	-9999	0	11	0	0	0	100	0	0	26813460	105392461	15006818	8	0	0	26190451	1,06	22:16	20210119	
19.01.2021 22:17	-2,0	37,2	64,8	30,8	888,8	-88,8	-999,9	-88,8	-9999	0	11	0	0	0	100	0	0	26813460	105392521	15006818	8	0	0	26190451	1,06	22:17	20210119	
19.01.2021 22:18	-2,0	37,2	64,8	30,9	888,8	-88,8	-999,9	-88,8	-9999	0	11	0	0	0	100	0	0	26813460	105392581	15006818	8	0	0	26190451	1,06	22:18	20210119	
19.01.2021 22:19	-2,0	37,2	64,7	31,1	888,8	-88,8	-999,9	-88,8	-9999	0	11	0	0	0	100	0	0	26813460	105392641	15006818	8	0	0	26190451	1,06	22:19	20210119	
19.01.2021 22:20	-2,0	37,2	64,8	31,4	888,8	-88,8	-999,9	-88,8	-9999	0	11	0	0	0	100	0	0	26813460	105392701	15006818	8	0	0	26190451	1,06	22:20	20210119	
19.01.2021 22:21	-2,0	37,1	64,7	31,8	888,8	-88,8	-999,9	-88,8	-9999	0	11	0	0	0	100	0	0	26813460	105392761	15006818	8	0	0	26190451	1,06	22:21	20210119	
19.01.2021 22:22	-2,0	37,1	64,7	32,5	888,8	-88,8	-999,9	-88,8	-9999	0	11	0	0	0	100	0	0	26813460	105392821	15006818	8	0	0	26190451	1,06	22:22	20210119	
19.01.2021 22:23	-2,0	37,1	64,7	33,0	888,8	-88,8	-999,9	-88,8	-9999	0	11	0	0	0	100	0	0	26813460	105392881	15006818	8	0	0	26190451	1,06	22:23	20210119	
19.01.2021 22:24	-2,0	37,0	64,7	33,2	888,8	-88,8	-999,9	-88,8	-9999	0	11	0	0	0	100	0	0	26813460	105392941	15006818	8	0	0	26190451	1,06	22:24	20210119	
19.01.2021 22:25	-2,1	37,0	64,7	33,2	888,8	-88,8	-999,9	-88,8	-9999	0	11	0	0	0	100	0	0	26813460	105393001	15006818	8	0	0	26190451	1,06	22:25	20210119	
19.01.2021 22:26	-2,1	37,0	64,7	33,4	888,8	-88,8	-999,9	-88,8	-9999	0	11	0	0	0	100	0	0	26813460	105393061	15006818	8	0	0	26190451	1,06	22:26	20210119	
19.01.2021 22:27	-2,1	36,9	64,7	33,5	888,8	-88,8	-999,9	-88,8	-9999	0	11	0	0	0	100	0	0	26813460	105393121	15006818	8	0	0	26190451	1,06	22:27	20210119	
19.01.2021 22:28	-2,1	36,9	64,7	33,6	888,8	-88,8	-999,9	-88,8	-9999	0	11	0	0	0	100	0	0	26813460	105393181	15006818	8	0	0	26190451	1,06	22:28	20210119	
19.01.2021 22:29	-2,1	36,8	64,7	33,7	888,8	-88,8	-999,9	-88,8	-9999	0	11	0	0	0	100	0	0	26813460	105393241	15006818	8	0	0	26190451	1,06	22:29	20210119	
19.01.2021 22:30	-2,1	36,8	64,6	34,1	888,8	-88,8	-999,9	-88,8	-9999	0	11	0	0	0	100	0	0	26813460	105393301	15006818	8	0	0	26190451	1,06	22:30	20210119	
19.01.2021 22:31	-2,1	36,8	64,7	34,7	888,8	-88,8	-999,9	-88,8	-9999	0	11	0	0	0	100	0	0	26813460	105393361	15006818	8	0	0	26190451	1,06	22:31	20210119	
19.01.2021 22:32	-2,1	36,7	64,6	35,4	888,8	-88,8	-999,9	-88,8	-9999	0	11	0	0	0	100	0	0	26813460	105393421	15006818	8	0	0	26190451	1,06	22:32	20210119	
19.01.2021 22:33	-2,0	36,6	64,6	36,1	888,8	-88,8	-999,9	-88,8	-9999	0	11	0	0	0	100	0	0	26813460	105393481	15006818	8	0	0	26190451	1,06	22:33	20210119	
19.01.2021 22:34	-2,0	36,6	64,6	36,8	888,8	-88,8	-999,9	-88,8	-9999	0	11	0	0	0	100	0	0	26813460	105393541	15006818	8	0	0	26190451	1,06	22:34	20210119	
19.01.2021 22:35	-2,0	36,5	64,6	37,6	888,8	-88,8	-999,9	-88,8	-9999	0	11	0	0	0	100	0	0	26813460	105393601	15006818	8	0	0	26190451	1,06	22:35	20210119	
19.01.2021 22:36	-2,1	36,5	64,6	38,2	888,8	-88,8	-999,9	-88,8	-9999	0	11	0	0	0	100	0	0	26813460	105393661	15006818	8	0	0	26190451	1,06	22:36	20210119	
19.01.2021 22:37	-2,0	36,4	64,6	38,9	888,8	-88,8	-999,9	-88,8	-9999	0	11	0	0	0	100	0	0	26813460	105393721	15006818	8	0	0	26190451	1,06	22:37	20210119	
19.01.2021 22:38	-2,0	36,3	64,5	39,5	888,8	-88,8	-999,9	-88,8	-9999	0	11	0	0	0	100	0	0	26813460	105393781	15006818	8	0	0	26190451	1,06	22:38	20210119	
19.01.2021 22:39	-2,0	36,2	64,5	39,9	888,8	-88,8	-999,9	-88,8	-9999	0	11	0	0	0	100	0	0	26813460	105393841	15006818	8	0	0	26190451	1,06	22:39	20210119	
19.01.2021 22:40	-2,0	36,1	64,5	40,2	888,8	-88,8	-999,9	-88,8	-9999	0	11	0	0	0	100	0	0	26813460	105393901	15006818	8	0	0	26190451	1,06	22:40	20210119	
19.01.2021 22:41	-2,0	36,1	64,5	40,5	888,8	-88,8	-999,9	-88,8	-9999	0	11	0	0	0	100	0	0	26813460	105393961	15006818	8	0	0	26190451	1,06	22:41	20210119	
19.01.2021 22:42	-2,0	36,1	64,5	40,7	888,8	-88,8	-999,9	-88,8	-9999	0	11	0	0	0	100	0	0	26813460	105394021	15006818	8	0	0	26190451	1,06	22:42	20210119	
19.01.2021 22:43	-1,9	36,1	64,5	40,8	888,8	-88,8	-999,9	-88,8	-9999	0	11	0	0	0	100	0	0	26813460	105394081	15006818	8	0	0	26190451	1,06	22:43	20210119	
19.01.2021 22:44	-1,9	36,1	64,5	41,0	888,8	-88,8	-999,9	-88,8	-9999	0	11	0	0	0	100	0	0	26813460	105394141	15006818	8	0	0	26190451	1,06	22:44	20210119	
19.01.2021 22:45	-1,9	36,1	64,5	41,1	888,8	-88,8	-999,9	-88,8	-9999	0	11	0	0	0	100	0	0	26813460	105394201	15006818	8	0	0	26190451	1,06	22:45	20210119	
19.01.2021 22:46	-1,9	36,1	64,5	41,2	888,8	-88,8	-999,9	-88,8	-9999	0	11	0	0	0	100	0	0	26813460	105394261	15006818	8	0	0	26190451	1,06	22:46	20210119	
19.01.2021 22:47	-1,9	36,2	64,5	41,2	888,8	-88,8	-999,9	-88,8	-9999	0	11	0	0	0	100	0	0	26813460	105394321	15006818	8	0	0	26190451	1,06	22:47	20210119	
19.01.2021 22:48	-1,9	36,2	64,5	41,3	888,8	-88,8	-999,9	-88,8	-9999	0	11	0	0	0	100	0	0	26813460	105394381	15006818	8	0	0	26190451	1,06	22:48	20210119	
19.01.2021 22:49	-1,9	36,3	64,4	41,2	888,8	-88,8	-999,9	-88,8	-9999	0	11	0	0	0	100	0	0	26813460	105394441	15006818	8	0	0	26190451	1,06	22:49	20210119	
19.01.2021 22:50	-1,8	36,3	64,4	41,3	888,8	-88,8	-999,9	-88,8	-9999	0	11	0	0	0	100	0	0	26813460	105394501	15006818	8	0	0	26190451	1,06	22:50	20210119	
19.01.2021 22:51	-1,8	36,4	64,4	41,3	888,8	-88,8	-999,9	-88,8	-9999	0	11	0	0	0	100	0	0	26813460	105394561	15006818	8	0	0	26190451	1,06	22:51	20210119	
19.01.2021 22:52	-1,8	36,4	64,4	41,2	888,8	-88,8	-999,9	-88,8	-9999	0	11	0	0	0	100	0	0	26813460	105394621	15006818	8	0	0	26190451	1,06	22:52	20210119	
19.01.2021 22:53	-1,8	36,5	64,4	41,2	888,8	-88,8	-999,9	-88,8	-9999	0	11	0	0	0	100	0	0	26813460	105394681	15006818	8	0	0	26190451	1,06	22:53	20210119	
19.01.2021 22:54	-1,8	36,5	64,3	41,0	888,8	-88,8	-999,9	-88,8	-9999	0	11	0	0	0	100	0	0	26813460	105394741	15006818	8	0	0	26190451	1,06	22:54	20210119	
19.01.2021 22:55	-1,8	36,5	64,3	41,0	888,8	-88,8	-999,9	-88,8	-9999	0	11	0	0	0	100	0	0	26813460	105394801	15006818	8	0	0	26190451	1,06	22:55	20210119	
19.01.2021 22:56	-1,8	36,5	64,3	41,0	888,8	-88,8	-999,9	-88,8	-9999	0	11	0	0	0	100	0	0	26813460	105394861	15006818	8	0	0	26190451	1,06	22:56	20210119	
19.01.2021 22:57	-1,8	36,5	64,3	41,0	888,8	-88,8	-999,9	-88,8	-9999	0	11	0	0	0	100	0	0	26813460	105394921	15006818	8	0	0	26190451	1,06	22:57	20210119	
19.01.2021 22:58	-1,8	36,6	64,3	40,9	888,8	-88,8	-999,9	-88,8	-9999	0	11	0	0	0	100	0	0	26813460	105394981	15006818	8	0	0	26190451	1,06	22:58	20210119	
19.01.2021 22:59	-1,8	36,6	64,3	40,9	888,8	-88,8	-999,9	-88,8	-9999	0	11	0	0	0	100	0	0	26813460	105395041	15006818	8	0	0	26190451	1,06	22:59	20210119	
19.01.2021 23:00	-1,8	36,6	64,3	40,2	888,8	-88,8	-999,9	-88,8	-9999	0	11	0	0	0	100	0	0	26813460	105395101	15006818	8	0	0	26190451	1,06	23:0	20210119	
19.01.2021 23:01	-1,8	36,6	64,3	40,0	888,8	-88,8	-999,9	-88,8	-9999	0	11	0	0	0	100	0	0	26813460	105395161	15006818	8	0	0	26190451	1,06	23:1	20210119	
19.01.2021 23:02	-1,7	36,6	64,2	39,9	888,8	-88,8	-999,9	-88,8	-9999	0	11	0	0	0	100	0	0	26813460	105395221	15006818	8	0	0	26190451	1,06	23:2	20210119	
19.01.2021 23:03	-1,7	36,7	64,2	39,7	888,8	-88,8	-999,9	-88,8	-9999	0	11	0	0	0	100	0	0	26813460	105395281	15006818	8	0	0	26190451	1,06	23:3	20210119	
19.01.2021 23:04	-1,7	36,7	64,2	37,9	888,8	-88,8	-999,9	-88,8	-9999	0	11	0	0	0	100	0	0	26813460	105395341	15006818	8	0	0	26190451	1,06	23:4	20210119	
19.01.2021 23:05	-1,7	36,7	64,2	37,3	888,8	-88,8	-999,9	-88,8	-9999	0	11	0	0	0	100	0	0	26813460	105395401	15006818	8	0	0	26190451	1,06	23:5	20210119	
19.01.2021 23:06	-1,7	36,7	64,2	35,3	888,8	-88,8	-999,9	-88,8	-9999	0	11	0	0	0	100	0	0	26813460	105395461	15006818	8	0	0	26190451	1,06	23:6	20210119	
19.01.2021 23:07	-1,7	36,7	64,2	33,3	888,8	-88,8	-999,9	-88,8	-9999	0	11	0	0	0	100	0	0	26813460	105395521	15006818	8	0	0	26190451	1,06	23:7	20210119	
19.01.2021 23:08	-1,7	36,7	64,2	32,8	888,8	-88,8	-999,9	-88,8	-9999	0	11	0	0	0	100	0	0	26813460	105395581	15006818	8	0	0	26190451	1,06	23:8	20210119	
19.01.2021 23:09	-1,7	36,7	64,1	32,9	888,8	-88,8	-999,9	-88,8	-9999	0	11	0	0	0	100	0	0	26813460	105395641	15006818	8	0	0	26190451	1,06	23:9	20210119	
19.01.2021 23:10	-1,7	36,7	64,2	31,2	888,8	-88,8	-999,9	-88,8	-9999	0	11	0	0	0	100	0	0	26813460	105395701	15006818	8	0	0	26190451	1,06	23:10	20210119	
19.01.2021 23:11	-1,7	36,7	64,2	30,1	888,8	-88,8	-999,9	-88,8	-9999	0	11	0	0	0	100	0	0	26813460	105395761	15006818	8	0	0	26190451	1,06	23:11	20210119	
19.01.2021 23:12	-1,7	36,7	64,1	29,4	888,8	-88,8	-999,9	-88,8	-9999	0	11	0	0	0	100	0	0	26813460	105395821	15006818	8	0	0	26190451	1,06	23:12	20210119	
19.01.2021 23:13	-1,7	36,7	64,1	29,2	888,8	-88,8	-999,9	-88,8	-9999	0	11	0	0	0	100	0	0	26813460	105395881	15006818	8	0	0	26190451	1,06	23:13	20210119	
19.01.2021 23:14	-1,7	36,7	64,1	28,9	888,8	-88,8	-999,9	-88,8	-9999	0	11	0	0	0	100	0	0	26813460	105395941	15006818	8	0	0	26190451	1,06	23:14	20210119	
19.01.2021 23:15	-1,7	36,7	64,1	28,8	888,8	-88,8	-999,9	-88,8	-9999	0	11	0	0	0	100	0	0	26813460	105396001	15006818	8	0	0	26190451	1,06	23:15	20210119	
19.01.2021 23:16	-1,7	36,7	64,0	28,4	888,8	-88,8	-999,9	-88,8	-9999	0	11	0	0	0	100	0	0	26813460	105396061	15006818	8	0	0	26190451	1,06	23:16	20210119	
19.01.2021 23:17	-1,7	36,7	64,0	28,3	888,8	-88,8	-999,9	-88,8	-9999	0	11	0	0	0	100	0	0	26813460	105396121	15006818	8	0	0	26190451	1,06	23:17	20210119	
19.01.2021 23:18	-1,7	36,7	64,0	28,1	888,8	-88,8	-999,9	-88,8	-9999	0	11	0	0	0	100	0	0	26813460	105396181	15006818	8	0	0	26190451	1,06	23:18	20210119	
19.01.2021 23:19	-1,7	36,7	64,0	28,0	888,8	-88,8	-999,9	-88,8	-9999	0	11	0	0	0	100	0	0	26813460	105396241	15006818	8	0	0	26190451	1,06	23:19	20210119	
19.01.2021 23:20	-1,7	36,7	64,0	27,9	888,8	-88,8	-999,9	-88,8	-9999	0	11	0	0	0	100	0	0	26813460	105396301	15006818	8	0	0	26190451	1,06	23:20	20210119	
19.01.2021 23:21	-1,8	36,7	64,0	27,8	888,8	-88,8	-999,9	-88,8	-9999	0	11	0	0	0	100	0	0	26813460	105396361	15006818	8	0	0	26190451	1,06	23:21	20210119	
19.01.2021 23:22	-1,8	36,7	64,0	27,7	888,8	-88,8	-999,9	-88,8	-9999	0	11	0	0	0	100	0	0	26813460	105396421	15006818	8	0	0	26190451	1,06	23:22	20210119	
19.01.2021 23:23	-1,8	36,7	64,0	27,6	888,8	-88,8	-999,9	-88,8	-9999	0	11	0	0	0	100	0	0	26813460	105396481	15006818	8	0	0	26190451	1,06	23:23	20210119	
19.01.2021 23:24	-1,8	36,7	64,0	27,4	888,8	-88,8	-999,9	-88,8	-9999	0	11	0	0	0	100	0	0	26813460	105396541	15006818	8	0	0	26190451	1,06	23:24	20210119	
19.01.2021 23:25	-1,8	36,7	64,0	27,4	888,8	-88,8	-999,9	-88,8	-9999	0	11	0	0	0	100	0	0	26813460	105396601	15006818	8	0	0	26190451	1,06	23:25	20210119	
19.01.2021 23:26	-1,8	36,7	63,9	27,3	888,8	-88,8	-999,9	-88,8	-9999	0	11	0	0	0	100	0	0	26813460	105396661	15006818	8	0	0	26190451	1,06	23:26	20210119	
19.01.2021 23:27	-1,8	36,7	63,9	27,2	888,8	-88,8	-999,9	-88,8	-9999	0	11	0	0	0	100	0	0	26813460	105396721	15006818	8	0	0	26190451	1,06	23:27	20210119	
19.01.2021 23:28	-1,8	36,7	63,9	27,2	888,8	-88,8	-999,9	-88,8	-9999	0	11	0	0	0	100	0	0	26813460	105396781	15006818	8	0	0	26190451	1,06	23:28	20210119	
19.01.2021 23:29	-1,8	36,7	63,9	27,1	888,8	-88,8	-999,9	-88,8	-9999	0	11	0	0	0	100	0	0	26813460	105396841	15006818	8	0	0	26190451	1,06	23:29	20210119	
19.01.2021 23:30	-1,8	36,7	63,9	27,0	888,8	-88,8	-999,9	-88,8	-9999	0	11	0	0	0	100	0	0	26813460	105396901	15006818	8	0	0	26190451	1,06	23:30	20210119	
19.01.2021 23:31	-1,9	36,7	63,8	27,0	888,8	-88,8	-999,9	-88,8	-9999	0	11	0	0	0	100	0	0	26813460	105396961	15006818	8	0	0	26190451	1,06	23:31	20210119	
19.01.2021 23:32	-1,9	36,6	63,8	26,8	888,8	-88,8	-999,9	-88,8	-9999	0	11	0	0	0	100	0	0	26813460	105397021	15006818	8	0	0	26190451	1,06	23:32	20210119	
19.01.2021 23:33	-1,9	36,6	63,8	26,7	888,8	-88,8	-999,9	-88,8	-9999	0	11	0	0	0	100	0	0	26813460	105397081	15006818	8	0	0	26190451	1,06	23:33	20210119	
19.01.2021 23:34	-1,9	36,6	63,8	26,7	888,8	-88,8	-999,9	-88,8	-9999	0	11	0	0	0	100	0	0	26813460	105397141	15006818	8	0	0	26190451	1,06	23:34	20210119	
19.01.2021 23:35	-1,9	36,6	63,8	26,6	888,8	-88,8	-999,9	-88,8	-9999	0	11	0	0	0	100	0	0	26813460	105397201	15006818	8	0	0	26190451	1,06	23:35	20210119	
19.01.2021 23:36	-2,0	36,6	63,8	26,5	888,8	-88,8	-999,9	-88,8	-9999	0	11	0	0	0	100	0	0	26813460	105397261	15006818	8	0	0	26190451	1,06	23:36	20210119	
19.01.2021 23:37	-2,0	36,7	63,8	26,5	888,8	-88,8	-999,9	-88,8	-9999	0	11	0	0	0	100	0	0	26813460	105397321	15006818	8	0	0	26190451	1,06	23:37	20210119	
19.01.2021 23:38	-2,0	36,6	63,8	27,3	888,8	-88,8	-999,9	-88,8	-9999	0	11	0	0	0	100	0	0	26813460	105397381	15006818	8	0	0	26190451	1,06	23:38	20210119	
19.01.2021 23:39	-2,0	36,6	63,7	24,2	888,8	-88,8	-999,9	-88,8	-9999	0	11	0	0	0	100	0	0	26813460	105397441	15006818	8	0	0	26190451	1,06	23:39	20210119	
19.01.2021 23:40	-2,1	36,6	63,7	22,8	888,8	-88,8	-999,9	-88,8	-9999	0	11	0	0	0	100	0	0	26813460	105397501	15006818	8	0	0	26190451	1,06	23:40	20210119	
19.01.2021 23:41	-2,1	36,6	63,7	23,6	888,8	-88,8	-999,9	-88,8	-9999	0	11	0	0	0	100	0	0	26813460	105397561	15006818	8	0	0	26190451	1,06	23:41	20210119	
19.01.2021 23:42	-2,1	36,6	63,7	25,4	888,8	-88,8	-999,9	-88,8	-9999	0	11	0	0	0	100	0	0	26813460	105397621	15006818	8	0	0	26190451	1,06	23:42	20210119	
19.01.2021 23:43	-2,1	36,6	63,7	26,7	888,8	-88,8	-999,9	-88,8	-9999	0	11	0	0	0	100	0	0	26813460	105397681	15006818	8	0	0	26190451	1,06	23:43	20210119	
19.01.2021 23:44	-2,1	36,6	63,7	29,5	888,8	-88,8	-999,9	-88,8	-9999	0	11	0	0	0	100	0	0	26813460	105397741	15006818	8	0	0	26190451	1,06	23:44	20210119	
19.01.2021 23:45	-2,2	36,6	63,7	32,0	888,8	-88,8	-999,9	-88,8	-9999	0	11	0	0	0	100	0	0	26813460	105397801	15006818	8	0	0	26190451	1,06	23:45	20210119	
19.01.2021 23:46	-2,2	36,6	63,7	33,2	888,8	-88,8	-999,9	-88,8	-9999	0	11	0	0	0	100	0	0	26813460	105397861	15006818	8	0	0	26190451	1,06	23:46	20210119	
19.01.2021 23:47	-2,2	36,5	63,6	33,9	888,8	-88,8	-999,9	-88,8	-9999	0	11	0	0	0	100	0	0	26813460	105397921	15006818	8	0	0	26190451	1,06	23:47	20210119	
19.01.2021 23:48	-2,2	36,5	63,6	34,0	888,8	-88,8	-999,9	-88,8	-9999	0	11	0	0	0	100	0	0	26813460	105397981	15006818	8	0	0	26190451	1,06	23:48	20210119	
19.01.2021 23:49	-2,3	36,5	63,6	34,4	888,8	-88,8	-999,9	-88,8	-9999	0	11	0	0	0	100	0	0	26813460	105398041	15006818	8	0	0	26190451	1,06	23:49	20210119	
19.01.2021 23:50	-2,3	36,5	63,6	34,5	888,8	-88,8	-999,9	-88,8	-9999	0	11	0	0	0	100	0	0	26813460	105398101	15006818	8	0	0	26190451	1,06	23:50	20210119	
19.01.2021 23:51	-2,3	36,5	63,6	34,5	888,8	-88,8	-999,9	-88,8	-9999	0	11	0	0	0	100	0	0	26813460	105398161	15006818	8	0	0	26190451	1,06	23:51	20210119	
19.01.2021 23:52	-2,4	36,4	63,6	34,4	888,8	-88,8	-999,9	-88,8	-9999	0	11	0	0	0	100	0	0	26813460	105398221	15006818	8	0	0	26190451	1,06	23:52	20210119	
19.01.2021 23:53	-2,3	36,5	63,5	34,4	888,8	-88,8	-999,9	-88,8	-9999	0	11	0	0	0	100	0	0	26813460	105398281	15006818	8	0	0	26190451	1,06	23:53	20210119	
19.01.2021 23:54	-2,4	36,4	63,5	34,3	888,8	-88,8	-999,9	-88,8	-9999	0	11	0	0	0	100	0	0	26813460	105398341	15006818	8	0	0	26190451	1,06	23:54	20210119	
19.01.2021 23:55	-2,4	36,4	63,5	34,3	888,8	-88,8	-999,9	-88,8	-9999	0	11	0	0	0	100	0	0	26813460	105398401	15006818	8	0	0	26190451	1,06	23:55	20210119	
19.01.2021 23:56	-2,4	36,4	63,5	34,6	888,8	-88,8	-999,9	-88,8	-9999	0	11	0	0	0	100	0	0	26813460	105398461	15006818	8	0	0	26190451	1,06	23:56	20210119	
19.01.2021 23:57	-2,5	36,4	63,5	34,8	888,8	-88,8	-999,9	-88,8	-9999	0	11	0	0	0	100	0	0	26813460	105398521	15006818	8	0	0	26190451	1,06	23:57	20210119	
19.01.2021 23:58	-2,5	36,3	63,5	35,1	888,8	-88,8	-999,9	-88,8	-9999	0	11	0	0	0	100	0	0	26813460	105398581	15006818	8	0	0	26190451	1,06	23:58	20210119	
19.01.2021 23:59	-2,5	36,3	63,5	35,2	888,8	-88,8	-999,9	-88,8	-9999	0	11	0	0	0	100	0	0	26813460	105398641	15006818	8	0	0	26190451	1,06	23:59	20210119	
